# Día       	# Fase	# Símbolo	# Nombre
2026-03-26	 7.656	🌓	Cuarto creciente
2026-04-02	14.422	🌕	Luna llena
2026-04-10	21.267	🌗	Cuarto menguante
2026-04-18	 1.045	🌑	Luna nueva
2026-04-24	 7.345	🌓	Cuarto creciente
2026-05-02	14.733	🌕	Luna llena
2026-05-10	21.500	🌗	Cuarto menguante
2026-05-17	 0.656	🌑	Luna nueva
2026-05-23	 7.033	🌓	Cuarto creciente
2026-05-31	14.111	🌕	Luna llena
2026-06-08	21.033	🌗	Cuarto menguante
2026-06-15	 0.345	🌑	Luna nueva
2026-06-22	 7.578	🌓	Cuarto creciente
2026-06-30	14.422	🌕	Luna llena
2026-07-08	21.656	🌗	Cuarto menguante
2026-07-15	 1.045	🌑	Luna nueva
2026-07-21	 7.111	🌓	Cuarto creciente
2026-07-30	14.811	🌕	Luna llena
2026-08-06	21.345	🌗	Cuarto menguante
2026-08-13	 0.733	🌑	Luna nueva
2026-08-20	 7.422	🌓	Cuarto creciente
2026-08-28	14.267	🌕	Luna llena
2026-09-04	21.111	🌗	Cuarto menguante
2026-09-11	 0.345	🌑	Luna nueva
2026-09-19	 7.578	🌓	Cuarto creciente
2026-09-27	14.733	🌕	Luna llena
2026-10-04	21.889	🌗	Cuarto menguante
2026-10-11	 0.811	🌑	Luna nueva
2026-10-19	 7.733	🌓	Cuarto creciente
2026-10-26	14.267	🌕	Luna llena
2026-11-02	21.578	🌗	Cuarto menguante
2026-11-09	 0.189	🌑	Luna nueva
2026-11-17	 7.033	🌓	Cuarto creciente
2026-11-25	14.889	🌕	Luna llena
2026-12-01	21.189	🌗	Cuarto menguante
2026-12-09	 0.422	🌑	Luna nueva
2026-12-17	 7.267	🌓	Cuarto creciente
2026-12-24	14.345	🌕	Luna llena
2026-12-31	21.656	🌗	Cuarto menguante
2027-01-08	 0.578	🌑	Luna nueva
2027-01-16	 7.656	🌓	Cuarto creciente
2027-01-23	14.967	🌕	Luna llena
2027-01-29	21.033	🌗	Cuarto menguante
2027-02-07	 0.733	🌑	Luna nueva
2027-02-14	 7.189	🌓	Cuarto creciente
2027-02-21	14.500	🌕	Luna llena
2027-02-28	21.267	🌗	Cuarto menguante
2027-03-08	 0.111	🌑	Luna nueva
2027-03-16	 7.811	🌓	Cuarto creciente
2027-03-22	14.033	🌕	Luna llena
2027-03-30	21.422	🌗	Cuarto menguante
2027-04-07	 0.500	🌑	Luna nueva
2027-04-14	 7.500	🌓	Cuarto creciente
2027-04-21	14.500	🌕	Luna llena
2027-04-29	21.578	🌗	Cuarto menguante
2027-05-06	 0.033	🌑	Luna nueva
2027-05-13	 7.267	🌓	Cuarto creciente
2027-05-20	14.033	🌕	Luna llena
2027-05-29	21.811	🌗	Cuarto menguante
2027-06-05	 0.656	🌑	Luna nueva
2027-06-11	 7.033	🌓	Cuarto creciente
2027-06-19	14.422	🌕	Luna llena
2027-06-27	21.267	🌗	Cuarto menguante
2027-07-04	 0.345	🌑	Luna nueva
2027-07-11	 7.656	🌓	Cuarto creciente
2027-07-19	14.733	🌕	Luna llena
2027-07-27	21.733	🌗	Cuarto menguante
2027-08-03	 1.122	🌑	Luna nueva
2027-08-09	 7.267	🌓	Cuarto creciente
2027-08-17	14.189	🌕	Luna llena
2027-08-25	21.345	🌗	Cuarto menguante
2027-09-01	 0.733	🌑	Luna nueva
2027-09-08	 7.656	🌓	Cuarto creciente
2027-09-16	14.500	🌕	Luna llena
2027-09-23	21.033	🌗	Cuarto menguante
2027-09-30	 0.345	🌑	Luna nueva
2027-10-07	 7.033	🌓	Cuarto creciente
2027-10-16	14.889	🌕	Luna llena
2027-10-23	21.733	🌗	Cuarto menguante
2027-10-30	 0.889	🌑	Luna nueva
2027-11-06	 7.189	🌓	Cuarto creciente
2027-11-14	14.345	🌕	Luna llena
2027-11-21	21.422	🌗	Cuarto menguante
2027-11-28	 0.345	🌑	Luna nueva
2027-12-06	 7.267	🌓	Cuarto creciente
2027-12-14	14.811	🌕	Luna llena
2027-12-20	21.033	🌗	Cuarto menguante
2027-12-28	 0.578	🌑	Luna nueva
2028-01-05	 7.422	🌓	Cuarto creciente
2028-01-12	14.267	🌕	Luna llena
2028-01-19	21.656	🌗	Cuarto menguante
2028-01-27	 0.811	🌑	Luna nueva
2028-02-04	 7.656	🌓	Cuarto creciente
2028-02-11	14.889	🌕	Luna llena
2028-02-17	21.111	🌗	Cuarto menguante
2028-02-25	 0.111	🌑	Luna nueva
2028-03-04	 7.111	🌓	Cuarto creciente
2028-03-11	14.422	🌕	Luna llena
2028-03-18	21.500	🌗	Cuarto menguante
2028-03-26	 0.267	🌑	Luna nueva
2028-04-03	 7.656	🌓	Cuarto creciente
2028-04-09	14.033	🌕	Luna llena
2028-04-17	21.733	🌗	Cuarto menguante
2028-04-25	 0.578	🌑	Luna nueva
2028-05-02	 7.345	🌓	Cuarto creciente
2028-05-09	14.656	🌕	Luna llena
2028-05-16	21.111	🌗	Cuarto menguante
2028-05-24	 0.111	🌑	Luna nueva
2028-05-31	 7.111	🌓	Cuarto creciente
2028-06-07	14.189	🌕	Luna llena
2028-06-15	21.267	🌗	Cuarto menguante
2028-06-23	 0.733	🌑	Luna nueva
2028-06-30	 7.967	🌓	Cuarto creciente
2028-07-07	14.656	🌕	Luna llena
2028-07-15	21.578	🌗	Cuarto menguante
2028-07-22	 0.345	🌑	Luna nueva
2028-07-29	 7.733	🌓	Cuarto creciente
2028-08-05	14.189	🌕	Luna llena
2028-08-13	21.033	🌗	Cuarto menguante
2028-08-21	 1.045	🌑	Luna nueva
2028-08-27	 7.422	🌓	Cuarto creciente
2028-09-04	14.500	🌕	Luna llena
2028-09-12	21.422	🌗	Cuarto menguante
2028-09-19	 0.733	🌑	Luna nueva
2028-09-26	 7.889	🌓	Cuarto creciente
2028-10-04	14.733	🌕	Luna llena
2028-10-11	21.033	🌗	Cuarto menguante
2028-10-18	 0.267	🌑	Luna nueva
2028-10-25	 7.345	🌓	Cuarto creciente
2028-11-02	14.111	🌕	Luna llena
2028-11-10	21.578	🌗	Cuarto menguante
2028-11-17	 0.889	🌑	Luna nueva
2028-11-24	 7.500	🌓	Cuarto creciente
2028-12-02	14.345	🌕	Luna llena
2028-12-09	21.267	🌗	Cuarto menguante
2028-12-16	 0.345	🌑	Luna nueva
2028-12-24	 7.578	🌓	Cuarto creciente
2029-01-01	14.733	🌕	Luna llena
2029-01-08	21.889	🌗	Cuarto menguante
2029-01-15	 0.733	🌑	Luna nueva
2029-01-23	 7.578	🌓	Cuarto creciente
2029-01-30	14.189	🌕	Luna llena
2029-02-06	21.500	🌗	Cuarto menguante
2029-02-13	 0.111	🌑	Luna nueva
2029-02-22	 7.733	🌓	Cuarto creciente
2029-03-01	14.811	🌕	Luna llena
2029-03-07	21.111	🌗	Cuarto menguante
2029-03-15	 0.345	🌑	Luna nueva
2029-03-23	 7.189	🌓	Cuarto creciente
2029-03-30	14.345	🌕	Luna llena
2029-04-06	21.656	🌗	Cuarto menguante
2029-04-14	 0.500	🌑	Luna nueva
2029-04-22	 7.656	🌓	Cuarto creciente
2029-04-29	15.045	🌕	Luna llena
2029-05-05	21.111	🌗	Cuarto menguante
2029-05-14	 0.811	🌑	Luna nueva
2029-05-21	 7.345	🌓	Cuarto creciente
2029-05-28	14.656	🌕	Luna llena
2029-06-04	21.422	🌗	Cuarto menguante
2029-06-12	 0.345	🌑	Luna nueva
2029-06-19	 7.033	🌓	Cuarto creciente
2029-06-26	14.267	🌕	Luna llena
2029-07-04	21.656	🌗	Cuarto menguante
2029-07-12	 0.811	🌑	Luna nueva
2029-07-19	 7.889	🌓	Cuarto creciente
2029-07-26	14.889	🌕	Luna llena
2029-08-02	21.033	🌗	Cuarto menguante
2029-08-10	 0.422	🌑	Luna nueva
2029-08-17	 7.656	🌓	Cuarto creciente
2029-08-24	14.422	🌕	Luna llena
2029-09-01	21.267	🌗	Cuarto menguante
2029-09-08	 0.033	🌑	Luna nueva
2029-09-15	 7.422	🌓	Cuarto creciente
2029-09-23	14.733	🌕	Luna llena
2029-10-01	21.578	🌗	Cuarto menguante
2029-10-08	 0.656	🌑	Luna nueva
2029-10-14	 7.033	🌓	Cuarto creciente
2029-10-22	14.111	🌕	Luna llena
2029-10-30	21.033	🌗	Cuarto menguante
2029-11-06	 0.267	🌑	Luna nueva
2029-11-13	 7.422	🌓	Cuarto creciente
2029-11-21	14.345	🌕	Luna llena
2029-11-29	21.500	🌗	Cuarto menguante
2029-12-06	 0.811	🌑	Luna nueva
2029-12-13	 7.733	🌓	Cuarto creciente
2029-12-21	14.500	🌕	Luna llena
2029-12-28	21.033	🌗	Cuarto menguante
2030-01-04	 0.345	🌑	Luna nueva
2030-01-12	 7.811	🌓	Cuarto creciente
2030-01-20	14.811	🌕	Luna llena
2030-01-27	21.733	🌗	Cuarto menguante
2030-02-03	 0.811	🌑	Luna nueva
2030-02-10	 7.033	🌓	Cuarto creciente
2030-02-18	14.189	🌕	Luna llena
2030-02-25	21.345	🌗	Cuarto menguante
2030-03-04	 0.189	🌑	Luna nueva
2030-03-12	 7.111	🌓	Cuarto creciente
2030-03-20	14.733	🌕	Luna llena
2030-03-26	21.033	🌗	Cuarto menguante
2030-04-03	 0.500	🌑	Luna nueva
2030-04-11	 7.345	🌓	Cuarto creciente
2030-04-18	14.345	🌕	Luna llena
2030-04-25	21.656	🌗	Cuarto menguante
2030-05-03	 0.811	🌑	Luna nueva
2030-05-11	 7.733	🌓	Cuarto creciente
2030-05-18	15.045	🌕	Luna llena
2030-05-24	21.267	🌗	Cuarto menguante
2030-06-01	 0.267	🌑	Luna nueva
2030-06-09	 7.345	🌓	Cuarto creciente
2030-06-16	14.733	🌕	Luna llena
2030-06-23	21.733	🌗	Cuarto menguante
2030-07-01	 0.578	🌑	Luna nueva
2030-07-08	 7.033	🌓	Cuarto creciente
2030-07-15	14.345	🌕	Luna llena
2030-07-22	21.189	🌗	Cuarto menguante
2030-07-30	 0.033	🌑	Luna nueva
2030-08-07	 7.811	🌓	Cuarto creciente
2030-08-13	14.033	🌕	Luna llena
2030-08-21	21.422	🌗	Cuarto menguante
2030-08-29	 0.500	🌑	Luna nueva
2030-09-05	 7.578	🌓	Cuarto creciente
2030-09-12	14.578	🌕	Luna llena
2030-09-20	21.578	🌗	Cuarto menguante
2030-09-27	 0.033	🌑	Luna nueva
2030-10-04	 7.267	🌓	Cuarto creciente
2030-10-11	14.033	🌕	Luna llena
2030-10-20	21.811	🌗	Cuarto menguante
2030-10-27	 0.656	🌑	Luna nueva
2030-11-03	 7.967	🌓	Cuarto creciente
2030-11-10	14.345	🌕	Luna llena
2030-11-18	21.111	🌗	Cuarto menguante
2030-11-25	 0.111	🌑	Luna nueva
2030-12-02	 7.500	🌓	Cuarto creciente
2030-12-10	14.500	🌕	Luna llena
2030-12-18	21.422	🌗	Cuarto menguante
2030-12-25	 0.733	🌑	Luna nueva
2031-01-01	 7.889	🌓	Cuarto creciente
2031-01-09	14.656	🌕	Luna llena
2031-01-17	21.967	🌗	Cuarto menguante
2031-01-23	 0.267	🌑	Luna nueva
2031-01-30	 7.189	🌓	Cuarto creciente
2031-02-08	14.889	🌕	Luna llena
2031-02-15	21.500	🌗	Cuarto menguante
2031-02-22	 0.811	🌑	Luna nueva
2031-03-01	 7.345	🌓	Cuarto creciente
2031-03-09	14.267	🌕	Luna llena
2031-03-16	21.189	🌗	Cuarto menguante
2031-03-23	 0.267	🌑	Luna nueva
2031-03-31	 7.422	🌓	Cuarto creciente
2031-04-08	14.733	🌕	Luna llena
2031-04-15	21.889	🌗	Cuarto menguante
2031-04-22	 0.733	🌑	Luna nueva
2031-04-30	 7.578	🌓	Cuarto creciente
2031-05-07	14.345	🌕	Luna llena
2031-05-14	21.656	🌗	Cuarto menguante
2031-05-21	 0.189	🌑	Luna nueva
2031-05-29	 7.033	🌓	Cuarto creciente
2031-06-06	15.045	🌕	Luna llena
2031-06-12	21.345	🌗	Cuarto menguante
2031-06-20	 0.500	🌑	Luna nueva
2031-06-28	 7.422	🌓	Cuarto creciente
2031-07-05	14.733	🌕	Luna llena
2031-07-12	21.967	🌗	Cuarto menguante
2031-07-20	 0.811	🌑	Luna nueva
2031-07-27	 7.033	🌓	Cuarto creciente
2031-08-03	14.345	🌕	Luna llena
2031-08-10	21.500	🌗	Cuarto menguante
2031-08-18	 0.267	🌑	Luna nueva
2031-08-26	 7.733	🌓	Cuarto creciente
2031-09-01	14.033	🌕	Luna llena
2031-09-09	21.733	🌗	Cuarto menguante
2031-09-17	 0.656	🌑	Luna nueva
2031-09-24	 7.422	🌓	Cuarto creciente
2031-10-01	14.656	🌕	Luna llena
2031-10-08	21.111	🌗	Cuarto menguante
2031-10-16	 0.111	🌑	Luna nueva
2031-10-23	 7.111	🌓	Cuarto creciente
2031-10-30	14.189	🌕	Luna llena
2031-11-07	21.189	🌗	Cuarto menguante
2031-11-15	 0.578	🌑	Luna nueva
2031-11-22	 7.811	🌓	Cuarto creciente
2031-11-29	14.500	🌕	Luna llena
2031-12-07	21.345	🌗	Cuarto menguante
2031-12-14	 0.111	🌑	Luna nueva
2031-12-21	 7.422	🌓	Cuarto creciente
